seq,name,region
1,北京首创期货有限责任公司,北京
2,第一创业期货有限责任公司,北京
3,方正中期期货有限公司,北京
4,格林大华期货有限公司,北京
5,冠通期货股份有限公司,北京
6,国都期货有限公司,北京
7,国元期货有限公司,北京
8,宏源期货有限公司,北京
9,金鹏期货经纪有限公司,北京
10,华源期货（北京）有限公司,北京
11,民生期货有限公司,北京
12,首创京都期货有限公司,北京
13,银河期货有限公司,北京
14,英大期货有限公司,北京
15,华宝期货有限公司,北京
16,中国国际期货股份有限公司,北京
17,中粮期货有限公司,北京
18,中天期货有限责任公司,北京
19,中衍期货有限公司,北京
20,北京北金期货有限公司,北京
21,摩根士丹利期货（中国）有限公司,北京
22,财达期货有限公司,天津
23,和融期货有限责任公司,天津
24,华金期货有限公司,天津
25,津投期货经纪有限公司,天津
26,山金期货有限公司,天津
27,一德期货有限公司,天津
28,恒银期货有限公司,河北
29,山西三立期货有限公司,山西
30,东方汇金期货有限公司,吉林
31,天富期货有限公司,吉林
32,大通期货经纪有限公司,黑龙江
33,永商期货有限公司,黑龙江
34,渤海期货股份有限公司,上海
35,东航期货有限责任公司,上海
36,东吴期货有限公司,上海
37,东兴期货有限责任公司,上海
38,光大期货有限公司,上海
39,国富期货有限公司,上海
40,国泰君安期货有限公司,上海
41,国投期货有限公司,上海
42,国信期货有限责任公司,上海
43,海通期货股份有限公司,上海
44,海证期货有限公司,上海
45,恒泰期货股份有限公司,上海
46,华闻期货有限公司,上海
47,华鑫期货有限公司,上海
48,建信期货有限责任公司,上海
49,瑞银期货有限责任公司,上海
50,上海大陆期货有限公司,上海
51,国能东方期货（上海）有限公司,上海
52,上海东亚期货有限公司,上海
53,上海东证期货有限公司,上海
54,上海浙石期货经纪有限公司,上海
55,中财期货有限公司,上海
56,上海中期期货股份有限公司,上海
57,申银万国期货有限公司,上海
58,紫金天风期货股份有限公司,上海
59,天鸿期货经纪有限公司,上海
60,通惠期货有限公司,上海
61,上海东方财富期货有限公司,上海
62,铜冠金源期货有限公司,上海
63,新湖期货股份有限公司,上海
64,中辉期货有限公司,上海
65,中融汇信期货有限公司,上海
66,国盛期货有限责任公司,上海
67,中银国际期货有限责任公司,上海
68,恒力期货有限公司,上海
69,金信期货有限公司,上海
70,创元期货股份有限公司,江苏
71,道通期货有限公司,江苏
72,东海期货有限责任公司,江苏
73,国联期货股份有限公司,江苏
74,苏豪弘业期货股份有限公司,江苏
75,江苏东华期货有限公司,江苏
76,锦泰期货有限公司,江苏
77,宁证期货有限责任公司,江苏
78,中盛期货股份有限公司,江苏
79,宝城期货有限责任公司,浙江
80,大地期货有限公司,浙江
81,大越期货股份有限公司,浙江
82,国海良时期货有限公司,浙江
83,南华期货股份有限公司,浙江
84,盛达期货有限公司,浙江
85,信达期货有限公司,浙江
86,永安期货股份有限公司,浙江
87,浙江新世纪期货有限公司,浙江
88,浙商期货有限公司,浙江
89,物产中大期货有限公司,浙江
90,安粮期货股份有限公司,安徽
91,华安期货有限责任公司,安徽
92,徽商期货有限责任公司,安徽
93,福能期货股份有限公司,福建
94,鑫鼎盛期货有限公司,福建
95,兴证期货有限公司,福建
96,江西瑞奇期货有限公司,江西
97,中泰期货股份有限公司,山东
98,山东齐盛期货有限公司,山东
99,江海汇鑫期货有限公司,山东
100,融达期货（郑州）股份有限公司,河南
101,中原期货股份有限公司,河南
102,长江期货股份有限公司,湖北
103,正信期货有限公司,湖北
104,大有期货有限公司,湖南
105,财信期货有限公司,湖南
106,广发期货有限公司,广东
107,广州金控期货有限公司,广东
108,广州期货股份有限公司,广东
109,华联期货有限公司,广东
110,华泰期货有限公司,广东
111,长城期货股份有限公司,广东
112,摩根大通期货有限公司,广东
113,佛山金控期货有限公司,广东
114,中州期货有限公司,广东
115,国新国证期货有限责任公司,海南
116,金元期货股份有限公司,海南
117,华创期货有限责任公司,重庆
118,西南期货有限公司,重庆
119,中电投先融期货股份有限公司,重庆
120,中信建投期货有限公司,重庆
121,成都交子期货有限公司,四川
122,国金期货有限责任公司,四川
123,华西期货有限责任公司,四川
124,红塔期货有限责任公司,云南
125,云晨期货有限责任公司,云南
126,长安期货有限公司,陕西
127,迈科期货股份有限公司,陕西
128,西部期货有限公司,陕西
129,华龙期货股份有限公司,甘肃
130,中金期货有限公司,青海
131,金石期货有限公司,新疆
132,云财富期货有限公司,新疆
133,海航期货股份有限公司,深圳
134,混沌天成期货股份有限公司,深圳
135,金瑞期货股份有限公司,深圳
136,平安期货有限公司,深圳
137,高盛期货（深圳）有限公司,深圳
138,深圳市中金岭南期货有限公司,深圳
139,先锋期货股份有限公司,深圳
140,神华期货有限公司,深圳
141,五矿期货有限公司,深圳
142,招商期货有限公司,深圳
143,中航期货有限公司,深圳
144,中金财富期货有限公司,深圳
145,前海期货有限公司,深圳
146,中信期货有限公司,深圳
147,兴业期货有限公司,宁波
148,国贸期货股份有限公司,厦门
149,瑞达期货股份有限公司,厦门
150,山东港信期货有限公司,青岛
