license_no,name,address,business,coverage,renewed,first_licensed,valid_until,remark,url
Z2000133000019,支付宝支付科技有限公司,中国（上海）自由贸易试验区南泉北路447号15层,储值账户运营Ⅰ类、储值账户运营Ⅱ类（仅限于线上实名支付账户充值）、支付交易处理Ⅰ类,全国,2026-4-29,2011-5-3,长期,——,https://www.pbc.gov.cn/zhengwugongkai/4081330/4081344/4081407/4081702/4081749/4081783/2025092319184949345/index.html
Z2000231000010,银联商务支付股份有限公司,中国（上海）自由贸易试验区张衡路1006、1008号,储值账户运营Ⅰ类、储值账户运营Ⅱ类（仅限于全国预付卡受理）、支付交易处理Ⅰ类,全国,2026-4-29,2011-5-3,长期,——,https://www.pbc.gov.cn/zhengwugongkai/4081330/4081344/4081407/4081702/4081749/4081783/2025092319185111581/index.html
Z2000311000013,资和信电子支付有限公司,北京市海淀区东北旺北京中关村软件园孵化器1号楼B座1109、1110,储值账户运营Ⅰ类、储值账户运营Ⅱ类、支付交易处理Ⅰ类,全国,2025-7-2,2011-5-3,长期,——,https://www.pbc.gov.cn/zhengwugongkai/4081330/4081344/4081407/4081702/4081749/4081783/2025092319185296188/index.html
Z2000444000013,财付通支付科技有限公司,深圳市前海深港合作区南山街道听海大道5212号腾讯数码大厦2栋（南塔）L2001,储值账户运营Ⅰ类、支付交易处理Ⅰ类,全国,2026-4-29,2011-5-3,长期,——,https://www.pbc.gov.cn/zhengwugongkai/4081330/4081344/4081407/4081702/4081749/4081783/2025092319185169893/index.html
Z2000531000017,通联支付网络服务股份有限公司,中国（上海）自由贸易试验区金沪路55号1幢12楼,储值账户运营Ⅰ类、支付交易处理Ⅰ类（全国）、储值账户运营Ⅱ类（仅限于全国预付卡受理）、储值账户运营Ⅱ类（上海市、北京市、江苏省、广东省、山西省）,——,2026-4-29,2011-5-3,长期,合并通联商务服务有限公司支付业务,https://www.pbc.gov.cn/zhengwugongkai/4081330/4081344/4081407/4081702/4081749/4081783/2025092319184951684/index.html
Z2000711000019,易宝支付有限公司,北京市通州区新华北路55号2幢四层228室,储值账户运营Ⅰ类、支付交易处理Ⅰ类（除河南省、江西省、吉林省、上海市、深圳市、湖南省、浙江省以外地区，可以在宁波市开展业务）,——,2025-7-2,2011-5-3,长期,——,https://www.pbc.gov.cn/zhengwugongkai/4081330/4081344/4081407/4081702/4081749/4081783/2025092319185232658/index.html
Z2000831000014,快钱支付清算信息有限公司,上海市张江高科技园区卡园二路108号8幢308室,储值账户运营Ⅰ类、支付交易处理Ⅰ类,全国,2026-4-29,2011-5-3,长期,——,https://www.pbc.gov.cn/zhengwugongkai/4081330/4081344/4081407/4081702/4081749/4081783/2025092319185114881/index.html
Z2000931000013,上海汇付支付有限公司,上海市徐汇区宜山路700号C5栋5楼,储值账户运营Ⅰ类、支付交易处理Ⅰ类（除贵州省、湖南省、陕西省、河南省、浙江省、重庆市、云南省、湖北省、福建省、宁夏回族自治区、吉林省、黑龙江省、江苏省、海南省、青海省以外地区）,——,2026-4-29,2011-5-3,长期,——,https://www.pbc.gov.cn/zhengwugongkai/4081330/4081344/4081407/4081702/4081749/4081783/2025092319184985844/index.html
Z2001031000010,上海盛付通电子支付服务有限公司,中国（上海）自由贸易试验区张衡路666弄1号9楼F区,储值账户运营Ⅰ类、储值账户运营Ⅱ类（仅限于线上实名支付账户充值）、支付交易处理Ⅰ类,全国,2026-4-29,2011-5-3,长期,——,https://www.pbc.gov.cn/zhengwugongkai/4081330/4081344/4081407/4081702/4081749/4081783/2025092319185215037/index.html
Z2001111000013,北京钱袋宝支付技术有限公司,北京市海淀区海淀大街38号楼18层22-01,储值账户运营Ⅰ类、支付交易处理Ⅰ类,全国,2026-4-29,2011-5-3,长期,——,https://www.pbc.gov.cn/zhengwugongkai/4081330/4081344/4081407/4081702/4081749/4081783/2025092319184978864/index.html
Z2001231000018,东方电子支付有限公司,上海市张江高科技园区郭守敬路498号1幢201/13室,储值账户运营Ⅰ类,全国,2024-8-1,2011-5-3,2026-5-2,——,https://www.pbc.gov.cn/zhengwugongkai/4081330/4081344/4081407/4081702/4081749/4081783/2025092319184974817/index.html
Z2001344000012,深圳市快付通支付有限公司,深圳市福田区车公庙泰然六路501栋516房,储值账户运营Ⅰ类、储值账户运营Ⅱ类（广东省）,——,2024-9-5,2011-5-3,2026-5-2,——,https://www.pbc.gov.cn/zhengwugongkai/4081330/4081344/4081407/4081702/4081749/4081783/2025092319185120658/index.html
Z2001811000016,裕福支付有限公司,北京市朝阳区建国路89号4号楼22层2607,储值账户运营Ⅰ类、储值账户运营Ⅱ类,全国,2026-4-29,2011-5-3,长期,——,https://www.pbc.gov.cn/zhengwugongkai/4081330/4081344/4081407/4081702/4081749/4081783/2025092319185116202/index.html
Z2001912000014,易生支付有限公司,天津市滨海高新区华苑产业区工华道2号天津国际珠宝城1号楼-301-1,储值账户运营Ⅰ类、储值账户运营Ⅱ类、支付交易处理Ⅰ类,全国,2026-4-29,2011-5-3,长期,合并上海华势信息科技有限公司支付业务,https://www.pbc.gov.cn/zhengwugongkai/4081330/4081344/4081407/4081702/4081749/4081783/2025092319185163898/index.html
Z2002044000013,银盛支付服务股份有限公司,深圳市龙华区民治街道新区大道997号远景家园五楼501,储值账户运营Ⅰ类、支付交易处理Ⅰ类,全国,2026-4-29,2011-5-3,长期,——,https://www.pbc.gov.cn/zhengwugongkai/4081330/4081344/4081407/4081702/4081749/4081783/2025092319184980637/index.html
Z2002131000017,上海环迅支付有限公司,上海市徐汇区龙吴路410弄87号1幢607室,支付交易处理Ⅰ类（江苏省、浙江省、山东省、福建省、天津市）,——,2026-4-29,2011-5-3,长期,——,https://www.pbc.gov.cn/zhengwugongkai/4081330/4081344/4081407/4081702/4081749/4081783/2025092319185088688/index.html
Z2002211000010,网银在线（北京）支付科技有限公司,北京市海淀区知春路76号（写字楼）1号楼4层1-7,储值账户运营Ⅰ类、支付交易处理Ⅰ类（北京市）,——,2026-4-29,2011-5-3,长期,——,https://www.pbc.gov.cn/zhengwugongkai/4081330/4081344/4081407/4081702/4081749/4081783/2025092319185166465/index.html
Z2002346000018,新生支付有限公司,海南省海口市美兰区国兴大道21号富力中心2801室,储值账户运营Ⅰ类、储值账户运营Ⅱ类（全国）、支付交易处理Ⅰ类（浙江省、江苏省、海南省、福建省、四川省）,——,2026-4-29,2011-5-3,长期,合并浙江盛炬支付技术有限公司支付业务,https://www.pbc.gov.cn/zhengwugongkai/4081330/4081344/4081407/4081702/4081749/4081783/2025092319185014507/index.html
Z2002431000014,平安付电子支付有限公司,中国（上海）自由贸易试验区陆家嘴环路1333号35层3509单元,储值账户运营Ⅰ类、储值账户运营Ⅱ类、支付交易处理Ⅰ类,全国,2026-4-29,2011-5-3,长期,——,https://www.pbc.gov.cn/zhengwugongkai/4081330/4081344/4081407/4081702/4081749/4081783/2025092319185039144/index.html
Z2002511000017,拉卡拉支付股份有限公司,北京市海淀区北清路中关村壹号D1座6层606,储值账户运营Ⅰ类、储值账户运营Ⅱ类（仅限于全国预付卡受理）、支付交易处理Ⅰ类（除宁波市以外地区）,——,2026-4-29,2011-5-3,长期,——,https://www.pbc.gov.cn/zhengwugongkai/4081330/4081344/4081407/4081702/4081749/4081783/2025092319185012769/index.html
Z2002631000012,上海付费通支付服务有限公司,上海市长宁区娄山关路533号2506室,储值账户运营Ⅰ类、储值账户运营Ⅱ类（上海市）、支付交易处理Ⅰ类（全国）,——,2026-4-29,2011-5-3,长期,合并上海付费通企业服务有限公司支付业务,https://www.pbc.gov.cn/zhengwugongkai/4081330/4081344/4081407/4081702/4081749/4081783/2025092319185082769/index.html
Z2002831000010,上海安信汇支付有限公司,上海市杨浦区荆州路198号801室（名义楼层901室）,储值账户运营Ⅰ类,全国,2026-8-26,2011-8-29,长期,——,https://www.pbc.gov.cn/zhengwugongkai/4081330/4081344/4081407/4081702/4081749/4081783/2025092319185179972/index.html
Z2002933000017,连连银通电子支付有限公司,杭州市滨江区越达巷79号1号楼11楼,储值账户运营Ⅰ类,全国,2024-8-1,2011-8-29,2026-8-28,——,https://www.pbc.gov.cn/zhengwugongkai/4081330/4081344/4081407/4081702/4081749/4081783/2025092319185013985/index.html
Z2003011000010,联动优势电子商务有限公司,山东省青岛市崂山区海尔路182-8号半岛国际大厦19楼,储值账户运营Ⅰ类、支付交易处理Ⅰ类,全国,2024-8-1,2011-8-29,2026-8-28,——,https://www.pbc.gov.cn/zhengwugongkai/4081330/4081344/4081407/4081702/4081749/4081783/2025092319185089605/index.html
Z2003151000010,成都摩宝网络科技有限公司,中国（四川）自由贸易试验区成都高新区益州大道中段1800号4栋11层1101-1103号,储值账户运营Ⅰ类,全国,2024年8月1日,2011年8月29日,2026年8月28日,——,https://www.pbc.gov.cn/zhengwugongkai/4081330/4081344/4081407/4081702/4081749/4081783/2025092319185012687/index.html
Z2003215000014,捷付睿通（内蒙古）支付股份有限公司,内蒙古自治区呼和浩特市赛罕区腾飞路金隅环球金融中心1号楼5号楼1201,储值账户运营Ⅰ类、支付交易处理Ⅰ类,全国,2026-8-26,2011-8-29,长期,——,https://www.pbc.gov.cn/zhengwugongkai/4081330/4081344/4081407/4081702/4081749/4081783/2025092319185147846/index.html
Z2003352000017,证联支付有限责任公司,珠海市横琴新区宝华路6号105室-2762,储值账户运营Ⅰ类,全国,2026年8月26日,,长期,——,https://www.pbc.gov.cn/zhengwugongkai/4081330/4081344/4081407/4081702/4081749/4081783/2025092319185048233/index.html
Z2003537000015,易通金服支付有限公司,山东省济南市高新区新泺大街888号,储值账户运营Ⅰ类、储值账户运营Ⅱ类（山东省）、支付交易处理Ⅰ类（全国）,——,2026-8-26,2011-8-29,长期,合并易通支付有限公司支付业务,https://www.pbc.gov.cn/zhengwugongkai/4081330/4081344/4081407/4081702/4081749/4081783/2025092319185041289/index.html
Z2003851000013,四川商通支付科技有限公司,成都市金牛区花牌坊街168号1栋1单元14层1407号,储值账户运营Ⅱ类,四川省,2026-8-26,2011-8-29,长期,——,https://www.pbc.gov.cn/zhengwugongkai/4081330/4081344/4081407/4081702/4081749/4081783/2025092319185171399/index.html
Z2003932000016,南京市市民卡支付有限公司,南京市玄武区玄武大道699-22号21幢,储值账户运营Ⅱ类,江苏省,2026年8月26日,2011年8月29日,长期,——,https://www.pbc.gov.cn/zhengwugongkai/4081330/4081344/4081407/4081702/4081749/4081783/2025092319185271189/index.html
Z2004111000017,天翼支付科技有限公司,北京市西城区阜成门外大街31号4层429D,储值账户运营Ⅰ类、储值账户运营Ⅱ类（仅限于线上实名支付账户充值）、支付交易处理Ⅰ类,全国,2025年5月16日,2011年12月22日,2026年12月21日,——,https://www.pbc.gov.cn/zhengwugongkai/4081330/4081344/4081407/4081702/4081749/4081783/2025092319185187210/index.html
Z2004211000016,联通支付有限公司,北京市西城区二龙路33号1至4层,储值账户运营Ⅰ类、储值账户运营Ⅱ类（仅限于线上实名支付账户充值）、支付交易处理Ⅰ类,全国,2025-2-28,2011-12-22,2026-12-21,——,https://www.pbc.gov.cn/zhengwugongkai/4081330/4081344/4081407/4081702/4081749/4081783/2025092319185118936/index.html
Z2004343000017,中移支付有限公司,长沙市岳麓区东方红中路352号中移电子商务有限公司一期生产楼,储值账户运营Ⅰ类、储值账户运营Ⅱ类（仅限于线上实名支付账户充值）、支付交易处理Ⅰ类,全国,2024年8月1日,2011年12月22日,2026年12月21日,——,https://www.pbc.gov.cn/zhengwugongkai/4081330/4081344/4081407/4081702/4081749/4081783/2025092319185129145/index.html
Z2004431000010,开店宝支付服务有限公司,上海市静安区万荣路1256、1258号1432室,储值账户运营Ⅱ类（浙江省、山东省、福建省、广东省）、支付交易处理Ⅰ类（全国）,——,2024-8-1,2011-12-22,2026-12-21,合并温州之民信息服务有限公司支付业务,https://www.pbc.gov.cn/zhengwugongkai/4081330/4081344/4081407/4081702/4081749/4081783/2025092319185039650/index.html
Z2004512000012,天津城市一卡通支付有限公司,天津市开发区第四大街59号B区404室,储值账户运营Ⅱ类,天津市,2025-2-28,2011-12-22,2026-12-21,——,https://www.pbc.gov.cn/zhengwugongkai/4081330/4081344/4081407/4081702/4081749/4081783/2025092319185131692/index.html
Z2004632000017,瑞祥支付服务有限公司,镇江市润州区竹林路8号,储值账户运营Ⅱ类,江苏省、安徽省、上海市、北京市,2025-5-16,2011-12-22,2026-12-21,——,https://www.pbc.gov.cn/zhengwugongkai/4081330/4081344/4081407/4081702/4081749/4081783/2025092319185180383/index.html
Z2004951000010,现代金融控股（成都）有限公司,成都市锦江区人民东路6号四川航空广场（SAC大厦）38楼,储值账户运营Ⅰ类、支付交易处理Ⅰ类（除吉林省、青岛市以外地区）,——,2024-8-1,2011-12-22,2026-12-21,——,https://www.pbc.gov.cn/zhengwugongkai/4081330/4081344/4081407/4081702/4081749/4081783/2025092319185033146/index.html
Z2005011000015,贝宝支付（北京）有限公司,北京市顺义区焦各庄街9号院3号楼-2至10层101内10层1005室,储值账户运营Ⅰ类,全国,2024年8月1日,2011年12月22日,2026年12月21日,合并海南海岛一卡通支付网络有限公司支付业务,https://www.pbc.gov.cn/zhengwugongkai/4081330/4081344/4081407/4081702/4081749/4081783/2025092319185072882/index.html
Z2005150000016,重庆易极付科技有限公司,重庆市两江新区黄山大道中段9号1幢5-厂房1,储值账户运营Ⅰ类,全国,2025-5-16,2011-12-22,2026-12-21,——,https://www.pbc.gov.cn/zhengwugongkai/4081330/4081344/4081407/4081702/4081749/4081783/2025092319185171537/index.html
Z2005314000019,万卡德供销支付（山西）有限公司,山西省太原市迎泽区庙前街道水西关正街19号2-1幢国贸大厦6层607室,储值账户运营Ⅱ类,山西省,2026-2-27,2011-12-22,2026-12-21,——,https://www.pbc.gov.cn/zhengwugongkai/4081330/4081344/4081407/4081702/4081749/4081783/2025092319185173675/index.html
Z2005423000017,哈尔滨华通支付网络科技有限公司,哈尔滨市南岗区东大直街329号,储值账户运营Ⅱ类,黑龙江省,2024-8-1,2011-12-22,2026-12-21,——,https://www.pbc.gov.cn/zhengwugongkai/4081330/4081344/4081407/4081702/4081749/4081783/2025092319185094364/index.html
Z2005533000014,浙江商盟支付有限公司,浙江省杭州市余杭区五常街道西溪八方城9幢708室,储值账户运营Ⅰ类、储值账户运营Ⅱ类（浙江省、上海市）,——,2024-12-5,2011-12-22,2026-12-21,——,https://www.pbc.gov.cn/zhengwugongkai/4081330/4081344/4081407/4081702/4081749/4081783/2025092319185176595/index.html
Z2005852000017,贵州汇联通支付服务有限公司,贵州省贵阳市南明区花果园街道花果园后街彭家湾花果园项目E区E8号楼1单元14层7号,储值账户运营Ⅱ类,贵州省,2024-8-1,2011-12-22,2026-12-21,——,https://www.pbc.gov.cn/zhengwugongkai/4081330/4081344/4081407/4081702/4081749/4081783/2025092319185070052/index.html
Z2006244000012,重庆鲲鹏支付服务有限公司,重庆市渝北区龙溪街道红锦大道90号中渝广场2幢28-2,储值账户运营Ⅰ类、支付交易处理Ⅰ类,全国,2024-8-1,2011-12-22,2026-12-21,——,https://www.pbc.gov.cn/zhengwugongkai/4081330/4081344/4081407/4081702/4081749/4081783/2025092319185012343/index.html
Z2006331000016,上海电银支付有限公司,中国（上海）自由贸易试验区张江路505号6层06室（实际楼层5楼）,储值账户运营Ⅰ类、支付交易处理Ⅰ类,全国,2025-10-31,2011-12-22,2026-12-21,——,https://www.pbc.gov.cn/zhengwugongkai/4081330/4081344/4081407/4081702/4081749/4081783/2025092319185013143/index.html
Z2006444000010,派安盈支付（广东）有限公司,佛山市南海区桂城街道融和路15号德高信易联金融广场1座3楼,储值账户运营Ⅰ类、储值账户运营Ⅱ类（广东省）,——,2026-2-27,2011-12-22,2026-12-21,——,https://www.pbc.gov.cn/zhengwugongkai/4081330/4081344/4081407/4081702/4081749/4081783/2025092319185046034/index.html
Z2006511000018,北京海科融通支付服务有限公司,北京市海淀区西直门北大街甲43号1号楼12层1-25-1201至1-25-1210,支付交易处理Ⅰ类,全国,2026-2-27,2011-12-22,2026-12-21,——,https://www.pbc.gov.cn/zhengwugongkai/4081330/4081344/4081407/4081702/4081749/4081783/2025092319185139503/index.html
Z2006735000018,中联信（福建）支付服务有限公司,厦门市火炬高新区软件园华讯楼A区3FB,储值账户运营Ⅱ类,福建省,2024年8月1日,2011年12月22日,2026年12月21日,——,https://www.pbc.gov.cn/zhengwugongkai/4081330/4081344/4081407/4081702/4081749/4081783/2025092319185066582/index.html
Z2007111000010,北京首信易支付科技有限公司,北京市朝阳区建国路建国门外大街6号16层1602,储值账户运营Ⅰ类,全国,2026-5-29,2011-12-22,2026-12-21,——,https://www.pbc.gov.cn/zhengwugongkai/4081330/4081344/4081407/4081702/4081749/4081783/2025092319185017261/index.html
Z2007244000010,顺丰恒通支付有限公司,深圳市前海深港合作区南山街道兴海大道3076号顺丰总部大厦39楼3901,储值账户运营Ⅰ类、支付交易处理Ⅰ类,全国,2024-8-1,2011-12-22,2026-12-21,——,https://www.pbc.gov.cn/zhengwugongkai/4081330/4081344/4081407/4081702/4081749/4081783/2025092319185069468/index.html
Z2007444000018,易票联支付有限公司,广州市海珠区广州大道南368号11楼A,储值账户运营Ⅰ类、支付交易处理Ⅰ类（广东省）,——,2024-8-1,2011-12-22,2026-12-21,——,https://www.pbc.gov.cn/zhengwugongkai/4081330/4081344/4081407/4081702/4081749/4081783/2025092319185080637/index.html
Z2007931000018,宝付支付（上海）有限公司,上海市徐汇区华泾路509号7幢227室,储值账户运营Ⅰ类,全国,2026-2-27,2011-12-22,2026-12-21,——,https://www.pbc.gov.cn/zhengwugongkai/4081330/4081344/4081407/4081702/4081749/4081783/2025092319185058478/index.html
Z2008031000015,付临门支付有限公司,上海市宝山区爱辉路201号3幢501室,支付交易处理Ⅰ类（除安徽省、青海省、四川省以外地区）,——,2024-8-1,2011-12-22,2026-12-21,——,https://www.pbc.gov.cn/zhengwugongkai/4081330/4081344/4081407/4081702/4081749/4081783/2025092319185033375/index.html
Z2008111000018,中金支付有限公司,广州市南沙区横沥镇湾晟南一街12号802房,储值账户运营Ⅰ类,全国,2026-2-27,2011-12-22,2026-12-21,——,https://www.pbc.gov.cn/zhengwugongkai/4081330/4081344/4081407/4081702/4081749/4081783/2025092319185168581/index.html
Z2008231000013,上海富友支付服务股份有限公司,中国（上海）自由贸易试验区金藏路351号6号房三层,储值账户运营Ⅰ类、储值账户运营Ⅱ类（福建省、江苏省、上海市、浙江省）、支付交易处理Ⅰ类（除河南省、浙江省、福建省、天津市、江西省、吉林省、湖南省以外地区，可以在宁波市开展业务）,——,2026-8-26,2011-12-22,长期,合并上海富友金融网络技术有限公司支付业务,https://www.pbc.gov.cn/zhengwugongkai/4081330/4081344/4081407/4081702/4081749/4081783/2025092319185031772/index.html
Z2008311000016,安易联融电子商务有限公司,北京市海淀区海淀大街38号楼7层9-02,储值账户运营Ⅱ类,北京市、辽宁省、新疆维吾尔自治区、广东省,2025-2-28,2011-12-22,2026-12-21,——,https://www.pbc.gov.cn/zhengwugongkai/4081330/4081344/4081407/4081702/4081749/4081783/2025092319185170717/index.html
Z2008411000015,北京爱农驿站科技服务有限公司,北京市西城区西直门外大街1号院2号楼20层22C13,储值账户运营Ⅰ类、储值账户运营Ⅱ类（北京市、上海市）,——,2024年8月1日,2011年12月22日,2026年12月21日,——,https://www.pbc.gov.cn/zhengwugongkai/4081330/4081344/4081407/4081702/4081749/4081783/2025092319185018613/index.html
Z2008611000013,北京首付通支付有限责任公司,北京市朝阳区雅宝路10号七层702,储值账户运营Ⅰ类、储值账户运营Ⅱ类（北京市）,——,2026-7-10,2011-12-22,2026-12-21,——,https://www.pbc.gov.cn/zhengwugongkai/4081330/4081344/4081407/4081702/4081749/4081783/2025092319185110358/index.html
Z2008711000012,北京中欣银宝通支付服务有限公司,北京市东城区珠市口东大街14号308室,储值账户运营Ⅱ类,北京市,2024-8-1,2011-12-22,2026-12-21,——,https://www.pbc.gov.cn/zhengwugongkai/4081330/4081344/4081407/4081702/4081749/4081783/2025092319185051650/index.html
Z2008831000017,上海都市旅游卡支付有限公司,上海市虹口区欧阳路196号10号楼5层35室,储值账户运营Ⅱ类,上海市,2026-2-27,2011-12-22,2026-12-21,——,https://www.pbc.gov.cn/zhengwugongkai/4081330/4081344/4081407/4081702/4081749/4081783/2025092319185124664/index.html
Z2008911000010,北京市政交通一卡通支付有限公司,北京市东城区东直门外大街39号院2号航空服务楼726房间,储值账户运营Ⅱ类,北京市、河北省、天津市,2025-6-20,2011-12-22,2026-12-21,——,https://www.pbc.gov.cn/zhengwugongkai/4081330/4081344/4081407/4081702/4081749/4081783/2025092319185145977/index.html
Z2009111000016,北京酷宝支付科技有限公司,北京市朝阳区广顺南大街16号院2号楼28层3101-05内03室,储值账户运营Ⅰ类、储值账户运营Ⅱ类（北京市、广东省、江苏省、浙江省）,--,2026-2-27,2011-12-22,2026-12-21,——,https://www.pbc.gov.cn/zhengwugongkai/4081330/4081344/4081407/4081702/4081749/4081783/2025092319185128649/index.html
Z2009311000014,北京安心支付有限公司,北京市西城区北三环中路29号院3号楼8层909室,储值账户运营Ⅰ类,全国,2026-2-27,2011-12-22,2026-12-21,——,https://www.pbc.gov.cn/zhengwugongkai/4081330/4081344/4081407/4081702/4081749/4081783/2025092319185056584/index.html
Z2009531000018,安付宝支付有限公司,上海市普陀区真光路1258号B632室,储值账户运营Ⅰ类、储值账户运营Ⅱ类（上海市）,-,2025-2-28,2011-12-22,2026-12-21,——,https://www.pbc.gov.cn/zhengwugongkai/4081330/4081344/4081407/4081702/4081749/4081783/2025092319185158513/index.html
Z2010131000010,杉德支付网络服务发展有限公司,上海市徐汇区田林路487号22号楼301室,储值账户运营Ⅰ类、储值账户运营Ⅱ类（上海市、北京市、浙江省、江苏省）、支付交易处理Ⅰ类（除广东省、山西省以外地区，可以在深圳市开展业务）,——,2024-8-1,2011-12-22,2026-5-2,合并杉德电子商务服务有限公司,https://www.pbc.gov.cn/zhengwugongkai/4081330/4081344/4081407/4081702/4081749/4081783/2025092319185016384/index.html
Z2010231000019,卡友支付服务有限公司,上海市嘉定工业区叶城路925号A区4幢211室,银行卡收单（天津、山东（含青岛）、四川、北京 、云南、青海、深圳）,——,2022-6-27,2012-6-27,2027-6-26,——,https://www.pbc.gov.cn/zhengwugongkai/4081330/4081344/4081407/4081702/4081749/4081783/2025092319184994148/index.html
Z2010331000018,汇潮支付有限公司,上海市普陀区中江路879弄2号楼408室,互联网支付,全国,2017-6-27,2012-6-27,2022-6-26,——,https://www.pbc.gov.cn/zhengwugongkai/4081330/4081344/4081407/4081702/4081749/4081783/2025092319184931647/index.html
Z2010431000017,上海瀚银信息技术有限公司,上海市黄浦区蒙自路763号401室,互联网支付、移动电话支付,全国,2020-7-16,2012-6-27,2022-6-26,——,https://www.pbc.gov.cn/zhengwugongkai/4081330/4081344/4081407/4081702/4081749/4081783/2025092319184968451/index.html
Z2010631000015,上海程付通支付有限公司,上海市长宁区金钟路968号16号楼501-A室,储值账户运营Ⅰ类、储值账户运营Ⅱ类（上海市）,——,2025-8-29,2012-6-27,2027-6-26,——,https://www.pbc.gov.cn/zhengwugongkai/4081330/4081344/4081407/4081702/4081749/4081783/2025092319185278601/index.html
Z2010712000017,天津融宝支付网络有限公司,天津开发区盛达街9号701室,储值账户运营Ⅰ类,全国,2024-8-1,2012-6-27,2027-6-26,——,https://www.pbc.gov.cn/zhengwugongkai/4081330/4081344/4081407/4081702/4081749/4081783/2025092319185043583/index.html
Z2010832000012,南京苏宁易付宝支付科技有限公司,南京市玄武区苏宁大道1-1号,储值账户运营Ⅰ类,全国,2024-12-5,2012-6-27,2027-6-26,——,https://www.pbc.gov.cn/zhengwugongkai/4081330/4081344/4081407/4081702/4081749/4081783/2025092319185139870/index.html
Z2010932000011,乐在支付有限公司,中国（江苏）自由贸易试验区苏州片区苏州工业园区翠薇街9号月亮湾国际商务中心办公楼20层2003房屋,储值账户运营Ⅰ类,全国,2025-6-20,2012-6-27,2027-6-26,——,https://www.pbc.gov.cn/zhengwugongkai/4081330/4081344/4081407/4081702/4081749/4081783/2025092319185181876/index.html
Z2011037000013,山东省联行支付有限公司,济南市高新区舜华路1号创业广场2号楼,储值账户运营Ⅰ类,全国,2025-2-28,2012-6-27,2027-6-26,——,https://www.pbc.gov.cn/zhengwugongkai/4081330/4081344/4081407/4081702/4081749/4081783/2025092319185148274/index.html
Z2011144000013,深圳市美的支付科技有限公司,深圳市南山区西丽街道松坪山社区宝深路科陆大厦A座7层,储值账户运营Ⅰ类,全国,2026-5-29,2012-6-27,2027-6-26,——,https://www.pbc.gov.cn/zhengwugongkai/4081330/4081344/4081407/4081702/4081749/4081783/2025092319185010225/index.html
Z2011244000012,嘉联支付有限公司,深圳市南山区粤海街道高新区社区科技南十二路20号嘉联支付大厦901,支付交易处理Ⅰ类,全国,2024-12-5,2012-6-27,2027-6-26,——,https://www.pbc.gov.cn/zhengwugongkai/4081330/4081344/4081407/4081702/4081749/4081783/2025092319185153456/index.html
Z2011344000011,智付电子支付有限公司,深圳市福田区梅林街道梅都社区中康路136号深圳新一代产业园5栋1301,储值账户运营Ⅰ类,全国,2026-5-29,2012-6-27,2027-6-26,——,https://www.pbc.gov.cn/zhengwugongkai/4081330/4081344/4081407/4081702/4081749/4081783/2025092319185077950/index.html
Z2011411000019,北京滴滴支付技术有限公司,北京市海淀区上地西路28号2号楼3层3层B306,储值账户运营Ⅰ类,全国,2024-8-1,2012-6-27,2027-6-26,——,https://www.pbc.gov.cn/zhengwugongkai/4081330/4081344/4081407/4081702/4081749/4081783/2025092319185050229/index.html
Z2011511000018,北京数码视讯支付技术有限公司,北京市顺义区文良街17号院3号楼1层1013室（顺创）,储值账户运营Ⅰ类,全国,2024-12-5,2012-6-27,2027-6-26,——,https://www.pbc.gov.cn/zhengwugongkai/4081330/4081344/4081407/4081702/4081749/4081783/2025092319185120747/index.html
Z2011611000017,汇元银通（北京）在线支付技术有限公司,北京市海淀区地锦路15号院5号楼2层201,储值账户运营Ⅰ类、储值账户运营Ⅱ类（仅限于线上实名支付账户充值）,——,2025-10-31,2012-6-27,2027-6-26,——,https://www.pbc.gov.cn/zhengwugongkai/4081330/4081344/4081407/4081702/4081749/4081783/2025092319185035542/index.html
Z2011711000016,随行付支付有限公司,北京市海淀区阜成路67号17层1704,储值账户运营Ⅰ类、支付交易处理Ⅰ类（除吉林省、辽宁省、浙江省、福建省、黑龙江省以外地区）,——,2024-8-1,2012-6-27,2027-6-26,——,https://www.pbc.gov.cn/zhengwugongkai/4081330/4081344/4081407/4081702/4081749/4081783/2025092319185055628/index.html
Z2011833000019,网易支付（杭州）有限公司,杭州市滨江区长河街道网商路399号3幢503室,储值账户运营Ⅰ类,全国,2024-8-1,2012-6-27,2027-6-26,——,https://www.pbc.gov.cn/zhengwugongkai/4081330/4081344/4081407/4081702/4081749/4081783/2025092319185080315/index.html
Z2011933000018,浙江唯品会支付服务有限公司,浙江省杭州市上城区秋涛路186号3幢9层906室,储值账户运营Ⅰ类,全国,2026-7-10,2012-6-27,2027-6-26,——,https://www.pbc.gov.cn/zhengwugongkai/4081330/4081344/4081407/4081702/4081749/4081783/2025092319185067481/index.html
Z2012033000015,浙江信航支付有限公司,浙江省杭州市滨江区长河街道创慧街158号10层10-1室,储值账户运营Ⅰ类、储值账户运营Ⅱ类（浙江省）,——,2025-5-16,2012-6-27,2027-6-26,——,https://www.pbc.gov.cn/zhengwugongkai/4081330/4081344/4081407/4081702/4081749/4081783/2025092319185182469/index.html
Z2012133000014,浙江甬易电子支付有限公司,余姚市中国塑料城国际商务中心1幢501室,储值账户运营Ⅰ类,全国,2026-7-10,2012-6-27,2027-6-26,——,https://www.pbc.gov.cn/zhengwugongkai/4081330/4081344/4081407/4081702/4081749/4081783/2025092319185031573/index.html
Z2012235000011,福建星驿支付科技有限公司,福建省福州市马尾区镇冰路6号弘卓通信生产中心10-13层（自贸试验区内）,支付交易处理Ⅰ类,全国,2026-2-27,2012-6-27,2027-6-26,——,https://www.pbc.gov.cn/zhengwugongkai/4081330/4081344/4081407/4081702/4081749/4081783/2025092319185098081/index.html
Z2012343000010,九派天下支付有限公司,长沙高新开发区麓谷大道658号湖南麓谷信息港自编A栋19001-02房,互联网支付（全国）、移动电话支付（全国）、预付卡发行与受理（湖南省、北京市、上海市）,——,2019-12-27,2012-6-27,2022-6-26,——,https://www.pbc.gov.cn/zhengwugongkai/4081330/4081344/4081407/4081702/4081749/4081783/2025092319184968030/index.html
Z2012445000017,中通支付有限公司,南宁市青秀区金湖路59号地王国际商会中心3822号、3823号、3824号,储值账户运营Ⅰ类、储值账户运营Ⅱ类（广西壮族自治区、云南省、广东省）,——,2024-12-5,2012-6-27,2027-6-26,——,https://www.pbc.gov.cn/zhengwugongkai/4081330/4081344/4081407/4081702/4081749/4081783/2025092319185155958/index.html
Z2012565000011,新疆润物网络有限公司,新疆乌鲁木齐市天山区中山路南巷1号科技数码大厦1栋2702B,储值账户运营Ⅰ类,全国,2024-8-1,2012-6-27,2027-6-26,——,https://www.pbc.gov.cn/zhengwugongkai/4081330/4081344/4081407/4081702/4081749/4081783/2025092319185013040/index.html
Z2012737000014,山东一通支付网络科技有限公司,山东省青岛市市南区旌德路26号9号楼103,储值账户运营Ⅰ类,全国,2024-9-5,2012-6-27,2027-6-26,——,https://www.pbc.gov.cn/zhengwugongkai/4081330/4081344/4081407/4081702/4081749/4081783/2025092319185135860/index.html
Z2012831000019,上海申鑫电子支付股份有限公司,桂平路481号15幢6C2-1,支付交易处理Ⅰ类,上海市,2024-8-1,2012-6-27,2027-6-26,——,https://www.pbc.gov.cn/zhengwugongkai/4081330/4081344/4081407/4081702/4081749/4081783/2025092319185035644/index.html
Z2013331000012,上海金诚通电子支付服务有限公司,南泉北路45号二楼216室,储值账户运营Ⅱ类,上海市、江苏省,2024-8-1,2012-6-27,2027-6-26,——,https://www.pbc.gov.cn/zhengwugongkai/4081330/4081344/4081407/4081702/4081749/4081783/2025092319185065577/index.html
Z2013831000017,上海丰景支付有限公司,浦东新区杨高北路528号14幢1A57室,储值账户运营Ⅱ类,上海市,2025-2-28,2012-6-27,2027-6-26,——,https://www.pbc.gov.cn/zhengwugongkai/4081330/4081344/4081407/4081702/4081749/4081783/2025092319185176510/index.html
Z2014032000012,江苏爱心消费支付服务有限公司,常州市钟楼区清潭路134-4号三楼,储值账户运营Ⅱ类,江苏省,2024-8-1,2012-6-27,2027-6-26,——,https://www.pbc.gov.cn/zhengwugongkai/4081330/4081344/4081407/4081702/4081749/4081783/2025092319185067795/index.html
Z2014132000011,江苏大众书局商务服务有限公司,南京市六合区雄州街道棠城西路148号（金牛湖管委会内）,储值账户运营Ⅱ类,江苏省,2024-8-1,2012-6-27,2027-6-26,——,https://www.pbc.gov.cn/zhengwugongkai/4081330/4081344/4081407/4081702/4081749/4081783/2025092319185097985/index.html
Z2014232000010,南京万商商务服务有限公司,南京市秦淮区汉中路1号5001室,储值账户运营Ⅱ类,江苏省,2024-8-1,2012-6-27,2027-6-26,——,https://www.pbc.gov.cn/zhengwugongkai/4081330/4081344/4081407/4081702/4081749/4081783/2025092319185041411/index.html
Z2014332000019,江苏鸿兴达支付科技有限公司,南京市中山路362号,储值账户运营Ⅱ类,江苏省,2025-6-20,2012-6-27,2027-6-26,——,https://www.pbc.gov.cn/zhengwugongkai/4081330/4081344/4081407/4081702/4081749/4081783/2025092319185148356/index.html
Z2014432000018,江苏旅通支付有限公司,常州市天宁区延陵西路23、25、27、29号,储值账户运营Ⅱ类,江苏省,2025-10-31,2012-6-27,2027-6-26,——,https://www.pbc.gov.cn/zhengwugongkai/4081330/4081344/4081407/4081702/4081749/4081783/2025092319185038805/index.html
Z2014532000017,无锡市民卡支付有限公司,无锡蠡园开发区06-4地块写字楼（滴翠路100号）B幢10楼,储值账户运营Ⅱ类,江苏省,2026-2-27,2012-6-27,2027-6-26,——,https://www.pbc.gov.cn/zhengwugongkai/4081330/4081344/4081407/4081702/4081749/4081783/2025092319185038738/index.html
Z2014632000016,苏州市民卡支付有限公司,苏州市人民路3118号,储值账户运营Ⅱ类,江苏省,2026-2-27,2012-6-27,2027-6-26,——,https://www.pbc.gov.cn/zhengwugongkai/4081330/4081344/4081407/4081702/4081749/4081783/2025092319185064222/index.html
Z2014851000010,成都天府通金融支付股份有限公司,四川省成都市高新区天府四街300号财智中心2号楼A座6层、7层,储值账户运营Ⅱ类,四川省,2024-9-5,2012-6-27,2027-6-26,——,https://www.pbc.gov.cn/zhengwugongkai/4081330/4081344/4081407/4081702/4081749/4081783/2025092319185111202/index.html
Z2015044000015,中付支付科技有限公司,深圳市罗湖区笋岗街道笋西社区红岭北路1068号城脉金融中心大厦21层07单元,储值账户运营Ⅰ类、支付交易处理Ⅰ类,全国,2024-9-5,2012-6-27,2027-6-26,——,https://www.pbc.gov.cn/zhengwugongkai/4081330/4081344/4081407/4081702/4081749/4081783/2025092319185186547/index.html
Z2015361000010,陕西易通商联网络支付科技有限公司,西安市碑林区南关正街88号长安国际F座2703室,储值账户运营Ⅱ类,陕西省,2024-8-1,2012-6-27,2027-6-26,——,https://www.pbc.gov.cn/zhengwugongkai/4081330/4081344/4081407/4081702/4081749/4081783/2025092319185056962/index.html
Z2015511000019,北京恒信通支付服务有限公司,北京市东城区夕照寺街2号2幢三层3002,支付交易处理Ⅰ类,北京市,2026-7-10,2012-6-27,2027-6-26,——,https://www.pbc.gov.cn/zhengwugongkai/4081330/4081344/4081407/4081702/4081749/4081783/2025092319185021207/index.html
Z2015611000018,北京和融通支付科技有限公司,北京市海淀区中关村南大街乙12号院1号楼20层2305,支付交易处理Ⅰ类,北京市,2024-8-1,2012-6-27,2027-6-26,——,https://www.pbc.gov.cn/zhengwugongkai/4081330/4081344/4081407/4081702/4081749/4081783/2025092319185093473/index.html
Z2015911000015,北京银通支付有限公司,北京市西城区西直门外大街1号院3号楼22D8,储值账户运营Ⅱ类,北京市,2024-8-1,2012-6-27,2027-6-26,——,https://www.pbc.gov.cn/zhengwugongkai/4081330/4081344/4081407/4081702/4081749/4081783/2025092319185095844/index.html
Z2016111000011,北京华瑞富达支付科技有限公司,北京市海淀区西二旗西路16号院13号楼1层101,储值账户运营Ⅱ类,北京市,2026-2-27,2012-6-27,2027-6-26,——,https://www.pbc.gov.cn/zhengwugongkai/4081330/4081344/4081407/4081702/4081749/4081783/2025092319185242303/index.html
Z2016211000010,北京有赞支付有限公司,北京市朝阳区望京街9号商业楼4层2-501号208室,储值账户运营Ⅰ类,全国,2025-8-29,2012-6-27,2027-6-26,——,https://www.pbc.gov.cn/zhengwugongkai/4081330/4081344/4081407/4081702/4081749/4081783/2025092319185254225/index.html
Z2016711000015,北京商银支付科技有限公司,北京市海淀区花园路甲13号院7号楼11层1106-1,储值账户运营Ⅱ类,北京市,2026-2-27,2012-6-27,2027-6-26,——,https://www.pbc.gov.cn/zhengwugongkai/4081330/4081344/4081407/4081702/4081749/4081783/2025092319185076023/index.html
Z2016950000015,重庆城市通卡支付有限责任公司,重庆市两江新区观音桥街道红锦大道1号19-1,储值账户运营Ⅱ类,重庆市,2026-5-29,2012-6-27,2027-6-26,——,https://www.pbc.gov.cn/zhengwugongkai/4081330/4081344/4081407/4081702/4081749/4081783/2025092319185258306/index.html
Z2017050000012,重庆市公众通支付有限公司,重庆市两江新区大竹林街道白杨路34号行政办公楼6楼,储值账户运营Ⅱ类,重庆市,2026-5-29,2012-6-27,2027-6-26,——,https://www.pbc.gov.cn/zhengwugongkai/4081330/4081344/4081407/4081702/4081749/4081783/2025092319185189451/index.html
Z2017150000011,重庆惠平支付有限公司,重庆市渝中区瑞天路56-1号10层1004,储值账户运营Ⅱ类,重庆市,2025-2-28,2012-6-27,2027-6-26,——,https://www.pbc.gov.cn/zhengwugongkai/4081330/4081344/4081407/4081702/4081749/4081783/2025092319185199114/index.html
Z2017314000014,山西易联支付数据处理有限公司,山西转型综合改革示范区学府产业园小店区长治路306号1幢火炬创业大厦C座21层2106号,支付交易处理Ⅰ类,山西省,2026-2-27,2012-6-27,2027-6-26,——,https://www.pbc.gov.cn/zhengwugongkai/4081330/4081344/4081407/4081702/4081749/4081783/2025092319185021084/index.html
Z2017522000012,吉林省通卡支付股份有限公司,长春市经济开发区洋浦大街与吉林大路交会东方广场城市综合体A区D#2401号,储值账户运营Ⅱ类,吉林省,2025-6-20,2012-6-27,2027-6-26,——,https://www.pbc.gov.cn/zhengwugongkai/4081330/4081344/4081407/4081702/4081749/4081783/2025092319185128836/index.html
Z2018235000018,瑞特支付（福建）有限公司,福建省福州市鼓楼区软件大道89号福州软件园F区1号楼28层D区,储值账户运营Ⅱ类,福建省,2026-5-29,2012-6-27,2027-6-26,——,https://www.pbc.gov.cn/zhengwugongkai/4081330/4081344/4081407/4081702/4081749/4081783/2025092319185033538/index.html
Z2018434000017,安徽万事通支付股份有限公司,安徽省合肥市瑶海区和平路288号万事通大厦2501室,储值账户运营Ⅱ类,安徽省,2026-5-29,2012-6-27,2027-6-26,——,https://www.pbc.gov.cn/zhengwugongkai/4081330/4081344/4081407/4081702/4081749/4081783/2025092319185099638/index.html
Z2018736000012,江西缴费通信息技术股份有限公司,江西省南昌市青山湖区南昌民营科技园民富路77号软件研发中心1楼,预付卡发行与受理,江西省,2021-11-15,2012-6-27,2022-6-26,——,https://www.pbc.gov.cn/zhengwugongkai/4081330/4081344/4081407/4081702/4081749/4081783/2025092319184943833/index.html
Z2018843000012,湖南潇湘支付有限公司,湖南省长沙市岳麓区观沙岭街道潇湘北路三段751号复地滨江悦府C1-C4栋C1-1201、1202,储值账户运营Ⅱ类,湖南省,2026-7-10,2012-6-27,2027-6-26,——,https://www.pbc.gov.cn/zhengwugongkai/4081330/4081344/4081407/4081702/4081749/4081783/2025092319185045625/index.html
Z2019453000011,云南本元支付管理有限公司,昆明经开区云大西路新广丰批发市场C区3栋928综合楼,储值账户运营Ⅰ类、储值账户运营Ⅱ类（云南省）,——,2024-8-1,2012-6-27,2027-6-26,——,https://www.pbc.gov.cn/zhengwugongkai/4081330/4081344/4081407/4081702/4081749/4081783/2025092319185090568/index.html
Z2019562000019,兰州易家万通支付服务有限公司,甘肃省兰州市七里河区南滨河中路1119号三维互联网创新创业大厦三楼A区,储值账户运营Ⅱ类,甘肃省,2024-12-5,2012-6-27,2027-6-26,——,https://www.pbc.gov.cn/zhengwugongkai/4081330/4081344/4081407/4081702/4081749/4081783/2025092319185149799/index.html
Z2019637000010,青岛百森通支付有限公司,青岛市崂山区苗岭路15号青岛金融中心大厦11层,储值账户运营Ⅱ类,青岛市,2024-8-1,2012-6-27,2027-6-26,——,https://www.pbc.gov.cn/zhengwugongkai/4081330/4081344/4081407/4081702/4081749/4081783/2025092319185048188/index.html
Z2019737000019,青岛百达通支付服务有限公司,青岛市高新区火炬路91号蓝湾智谷5号楼2-202室,储值账户运营Ⅱ类,青岛市,2024-8-1,2012-7-20,2027-7-19,——,https://www.pbc.gov.cn/zhengwugongkai/4081330/4081344/4081407/4081702/4081749/4081783/2025092319185068433/index.html
Z2020221000010,辽宁新天支付科技有限公司,铁岭市银州区南马路45号,储值账户运营Ⅱ类,辽宁省,2025年8月29日,2013年1月6日,2028年1月5日,——,https://www.pbc.gov.cn/zhengwugongkai/4081330/4081344/4081407/4081702/4081749/4081783/2025092319185295172/index.html
Z2020437000010,山东高速信联支付有限公司,山东省济南市高新区经十路7000号汉峪金融商务中心七区3号楼701,储值账户运营Ⅰ类、储值账户运营Ⅱ类（山东省、北京市、天津市、河北省、山西省）,——,2024年8月1日,2013年1月6日,2028年1月5日,——,https://www.pbc.gov.cn/zhengwugongkai/4081330/4081344/4081407/4081702/4081749/4081783/2025092319185192679/index.html
Z2020761000016,陕西煤炭交易中心有限公司,陕西省西安市高新区高新一路40号万科金域国际A栋24层,储值账户运营Ⅰ类,全国,2024年8月1日,2013年1月6日,2028年1月5日,——,https://www.pbc.gov.cn/zhengwugongkai/4081330/4081344/4081407/4081702/4081749/4081783/2025092319185111939/index.html
Z2020811000016,北京亚科支付科技有限责任公司,北京市顺义区后沙峪镇裕民大街7号,储值账户运营Ⅰ类,全国,2026-2-27,2013-1-6,2028-1-5,——,https://www.pbc.gov.cn/zhengwugongkai/4081330/4081344/4081407/4081702/4081749/4081783/2025092319185191817/index.html
Z2020913000013,河北北人冀通支付服务有限公司,石家庄长安区育才街58号开元花园,储值账户运营Ⅱ类,河北省,2026年2月27日,2013年1月6日,2028年1月5日,——,https://www.pbc.gov.cn/zhengwugongkai/4081330/4081344/4081407/4081702/4081749/4081783/2025092319185132220/index.html
Z2021033000016,杭州市民卡支付有限公司,浙江省杭州市上城区庆春东路2-6号1203室,储值账户运营Ⅰ类、储值账户运营Ⅱ类（浙江省）,——,2024年8月1日,2013年1月6日,2028年1月5日,——,https://www.pbc.gov.cn/zhengwugongkai/4081330/4081344/4081407/4081702/4081749/4081783/2025092319185198131/index.html
Z2021241000014,河南建业支付科技有限公司,郑州市金水区建业路建业城市花园88号,储值账户运营Ⅱ类,河南省,2025年2月28日,2013年1月6日,2028年1月5日,——,https://www.pbc.gov.cn/zhengwugongkai/4081330/4081344/4081407/4081702/4081749/4081783/2025092319185145818/index.html
Z2021452000018,贵州贵金支付网络服务有限公司,贵州省贵阳市观山湖区长岭北路中天·会展城B区金融商务区北区（1）1单元12层1号1203号房,储值账户运营Ⅱ类,贵州省,2025年6月20日,2013年1月6日,2028年1月5日,——,https://www.pbc.gov.cn/zhengwugongkai/4081330/4081344/4081407/4081702/4081749/4081783/2025092319185163315/index.html
Z2021631000012,上海行付通支付有限公司,上海市长宁区定西路1558号3楼301室,储值账户运营Ⅱ类,上海市,2024-8-1,2013-1-6,2028-1-5,——,https://www.pbc.gov.cn/zhengwugongkai/4081330/4081344/4081407/4081702/4081749/4081783/2025092319185196336/index.html
Z2021832000019,江苏金禧支付管理有限公司,无锡市梁溪区章村路188号-9,储值账户运营Ⅱ类,江苏省,2025年10月31日,2013年1月6日,2028年1月5日,——,https://www.pbc.gov.cn/zhengwugongkai/4081330/4081344/4081407/4081702/4081749/4081783/2025092319185162279/index.html
Z2022011000010,银盈通支付有限公司,北京市朝阳区霄云路26号鹏润大厦B座21层3-2105、3-2106、3-2107、3-2108、3-2109号房间,储值账户运营Ⅰ类、储值账户运营Ⅱ类（北京市、山西省、云南省、贵州省）,——,2024年8月1日,2013年1月6日,2028年1月5日,——,https://www.pbc.gov.cn/zhengwugongkai/4081330/4081344/4081407/4081702/4081749/4081783/2025092319185117751/index.html
Z2022111000019,北京和卡支付科技有限公司,北京市海淀区中关村南大街乙12号院1号楼20层2303,储值账户运营Ⅱ类,北京市,2024年8月1日,2013年1月6日,2028年1月5日,——,https://www.pbc.gov.cn/zhengwugongkai/4081330/4081344/4081407/4081702/4081749/4081783/2025092319185139148/index.html
Z2022711000013,北京度小满支付科技有限公司,北京市海淀区西北旺东路10号院西区4号楼3层301室,储值账户运营Ⅰ类,全国,2026-2-27,2013-7-6,2028-7-5,——,https://www.pbc.gov.cn/zhengwugongkai/4081330/4081344/4081407/4081702/4081749/4081783/2025092319185113877/index.html
Z2023433000018,杭州通策支付有限公司,浙江省杭州市拱墅区新华路264号三楼,储值账户运营Ⅱ类,浙江省,2024-9-5,2013-7-6,2028-7-5,——,https://www.pbc.gov.cn/zhengwugongkai/4081330/4081344/4081407/4081702/4081749/4081783/2025092319185186084/index.html
Z2023531000019,上海普乐斯支付有限公司,上海市长宁区福泉北路388号A座9楼05单元,储值账户运营Ⅱ类,上海市,2025-5-16,2013-7-6,2028-7-5,——,https://www.pbc.gov.cn/zhengwugongkai/4081330/4081344/4081407/4081702/4081749/4081783/2025092319185154884/index.html
Z2024244000015,捷易付支付（深圳）有限公司,深圳市龙华区观湖街道鹭湖社区观盛二路5号捷顺科技中心A2101-1室,储值账户运营Ⅱ类,广东省、北京市、上海市,2026-5-29,2013-7-6,2028-7-5,——,https://www.pbc.gov.cn/zhengwugongkai/4081330/4081344/4081407/4081702/4081749/4081783/2025092319185194852/index.html
Z2024411000012,北京新浪支付科技有限公司,北京市海淀区东北旺西路中关村软件园二期（西扩）N-1、N-2地块新浪总部科研楼5层519室,储值账户运营Ⅰ类,全国,2024-8-1,2013-7-6,2028-7-5,——,https://www.pbc.gov.cn/zhengwugongkai/4081330/4081344/4081407/4081702/4081749/4081783/2025092319185129125/index.html
Z2024543000013,湖南蓝天支付有限公司,长沙市开福区芙蓉中路一段524号金帆大厦12楼1201-1202、1205-1210房,储值账户运营Ⅱ类,湖南省,2024-8-1,2013-7-6,2028-7-5,——,https://www.pbc.gov.cn/zhengwugongkai/4081330/4081344/4081407/4081702/4081749/4081783/2025092319185135344/index.html
Z2024642000013,武汉城市一卡通支付有限公司,武汉市青山区友谊大道999号武钢大厦A座19层,储值账户运营Ⅱ类,湖北省、湖南省、江西省,2025-5-16,2013-7-6,2028-7-5,——,https://www.pbc.gov.cn/zhengwugongkai/4081330/4081344/4081407/4081702/4081749/4081783/2025092319185137200/index.html
Z2024733000013,快捷通支付服务有限公司,浙江省杭州市拱墅区岳帅桥10号1幢502室,储值账户运营Ⅰ类,全国,2025-5-16,2013-7-6,2028-7-5,——,https://www.pbc.gov.cn/zhengwugongkai/4081330/4081344/4081407/4081702/4081749/4081783/2025092319185180824/index.html
Z2024821000016,先锋支付有限公司,辽宁省大连市中山区中山路136号（希望大厦31层03B、04A单元）,预付卡发行与受理（北京市、辽宁省）、互联网支付（全国）,--,2019-6-13,2013-7-6,2023-7-5,——,https://www.pbc.gov.cn/zhengwugongkai/4081330/4081344/4081407/4081702/4081749/4081783/2025092319184945661/index.html
Z2025337000010,山东运达支付有限公司,山东省济南市高新区龙奥北路909号龙奥国际广场2号楼1703室,支付交易处理Ⅰ类,山东省,2026-5-29,2014-7-10,长期,——,https://www.pbc.gov.cn/zhengwugongkai/4081330/4081344/4081407/4081702/4081749/4081783/2025092319185227551/index.html
Z2025642000010,抖音支付科技有限公司,武昌区水果湖街中北路9号办公楼、商业裙房（长城汇二期）1、2栋2单元11层1号R1,储值账户运营Ⅰ类,全国,2025-7-2,2014-7-10,长期,——,https://www.pbc.gov.cn/zhengwugongkai/4081330/4081344/4081407/4081702/4081749/4081783/2025092319185284525/index.html
Z2025744000017,天下支付科技有限公司,深圳市福田区香蜜湖街道南大道与香蜜湖路交界西北阳光高尔夫大厦21F,互联网支付、移动电话支付、固定电话支付,全国,2018-6-26,2014-7-10,2019-7-9,——,https://www.pbc.gov.cn/zhengwugongkai/4081330/4081344/4081407/4081702/4081749/4081783/2025092319184943789/index.html
Z2025844000016,云汇支付（广州）有限公司,广州市白云区大源街锦石三路33号之十五306房,储值账户运营Ⅰ类,全国,2026-5-29,2014-7-10,长期,——,https://www.pbc.gov.cn/zhengwugongkai/4081330/4081344/4081407/4081702/4081749/4081783/2025092319185248226/index.html
Z2025944000015,广州市汇聚支付电子科技有限公司,"广州市天河区天河路228号之一1407,1408,1409房",储值账户运营Ⅰ类,全国,2025-7-2,2014-7-10,长期,——,https://www.pbc.gov.cn/zhengwugongkai/4081330/4081344/4081407/4081702/4081749/4081783/2025092319185278621/index.html
Z2026044000012,广州合利宝支付科技有限公司,广州市南沙区横沥镇汇通二街2号3201房,储值账户运营Ⅰ类、支付交易处理Ⅰ类,全国,2024-7-9,2014-7-10,2024-7-9（过渡期至2025-7-9）,——,https://www.pbc.gov.cn/zhengwugongkai/4081330/4081344/4081407/4081702/4081749/4081783/2025092319184945962/index.html
Z2026145000010,石基支付科技（广西）有限公司,北海市银海区四川路356号北海软件园2幢501号,储值账户运营Ⅰ类,全国,2026-7-10,2014-7-10,长期,——,https://www.pbc.gov.cn/zhengwugongkai/4081330/4081344/4081407/4081702/4081749/4081783/2025092319185287273/index.html
Z2026244000010,乐刷支付科技有限公司,深圳市南山区粤海街道科技园社区科苑路15号科兴科学园A栋A4-1902,支付交易处理Ⅰ类、支付交易处理Ⅱ类,全国,2025-7-2,2014-7-10,长期,——,https://www.pbc.gov.cn/zhengwugongkai/4081330/4081344/4081407/4081702/4081749/4081783/2025092319185269642/index.html
Z2026344000019,花瓣支付（深圳）有限公司,深圳市龙岗区坂田街道万科城社区华为公司华为公司科研楼5座101,储值账户运营Ⅰ类,全国,2026-5-29,2014-7-10,长期,——,https://www.pbc.gov.cn/zhengwugongkai/4081330/4081344/4081407/4081702/4081749/4081783/2025092319185218227/index.html
Z2026511000016,邦付宝支付科技有限公司,北京市朝阳区建国门外大街6号12层1201内100,储值账户运营Ⅰ类,全国,2025-7-2,2014-7-10,长期,——,https://www.pbc.gov.cn/zhengwugongkai/4081330/4081344/4081407/4081702/4081749/4081783/2025092319185288508/index.html
Z2026711000014,北京理房通支付科技有限公司,北京市海淀区上地八街7号院4号楼三层301A,储值账户运营Ⅰ类、储值账户运营Ⅱ类（仅限于北京市预付卡受理）、支付交易处理Ⅰ类（北京市）,——,2025-7-2,2014-7-10,长期,——,https://www.pbc.gov.cn/zhengwugongkai/4081330/4081344/4081407/4081702/4081749/4081783/2025092319185283341/index.html
Z2026811000013,北京畅捷通支付技术有限公司,北京市海淀区北清路68号20号楼D2003,储值账户运营Ⅰ类、支付交易处理Ⅰ类,全国,2025-7-2,2014-7-10,长期,——,https://www.pbc.gov.cn/zhengwugongkai/4081330/4081344/4081407/4081702/4081749/4081783/2025092319185224291/index.html
Z2026944000013,深圳市盛迪嘉支付股份有限公司,深圳市宝安区新安街道海滨社区甲岸南路22号易尚创意科技大厦二十三层01单元,储值账户运营Ⅰ类、支付交易处理Ⅰ类(广东省、北京市、上海市、海南省、广西壮族自治区),——,2025-7-2,2014-7-10,长期,——,https://www.pbc.gov.cn/zhengwugongkai/4081330/4081344/4081407/4081702/4081749/4081783/2025092319185259042/index.html
Z2027133000012,寻汇支付有限公司,浙江省杭州市萧山区宁围街道诺德财富中心1幢2206室-6,储值账户运营Ⅰ类、储值账户运营Ⅱ类（仅限于线上实名支付账户充值）,全国,2026-7-10,2015-12-8,长期,2015年12月起， 传化支付有限公司及其母公司通过债权债务承接方式，配合地方政府处置浙江易士企业管理服务有限公司风险事件，人民银行暂未公告其许可信息。目前，浙江易士公司的风险处置已基本完毕，现按规定予以公告。,https://www.pbc.gov.cn/zhengwugongkai/4081330/4081344/4081407/4081702/4081749/4081783/2025092319184971975/index.html
